time,0,1,2,3,4
0,0.0,0.0,19.49536667569072,4.151256167664673,3.3944112840898137
1,0.0,0.0,13.785781127812312,4.694184922669646,12.418012965069828
2,0.0,0.0,6.110702117483691,16.63216108028233,29.651804048277203
3,0.0,0.0,0.09669045653066344,32.49501026845167,43.31979021589525
4,0.0,0.0,0.0,34.945146399545585,47.974188497808456
5,0.0,0.0,0.0,36.10264157928399,45.473065231261614
6,0.0,0.0,2.7508275378732745,35.83553264785396,50.82309602012553
7,0.0,0.0,9.635071942621082,36.71064642754419,58.252264144633244
8,0.0,0.0,11.087579139996851,35.515005133990606,58.4255132698402
9,0.0,0.0,7.683828113985466,33.38486099870389,54.432052302098214
10,0.0,0.0,4.855383247667159,31.63705685650095,55.59131852393549
11,0.0,0.0,0.0,32.604430379987875,55.702223010523575
12,0.0,0.0,0.0,35.701929859283595,55.545242189760465
13,6.627553044841961,0.0,0.0,63.73855860888524,48.03802980144988
14,17.71663042972164,0.0,0.0,75.29158198774135,49.360451767580024
15,19.541791655253704,0.0,0.0,88.84149558877462,55.90425643572029
16,17.97620760041955,0.0,0.0,80.09315248453886,57.45928931667253
17,22.71751682342526,0.0,6.948946236484344,69.62436659243635,57.938733708715255
18,19.702364844986157,0.0,12.520365186653756,58.44472011576161,64.0012086784274
19,15.665530180818546,0.0,7.488359174150622,44.74410520033966,64.49444943056224
20,10.587720325576953,0.0,0.0,35.88498607589329,57.59291616254046
21,17.292046205432474,0.0,0.0,27.102186243790573,57.86717856919125
22,8.275771345119225,0.0,0.0,23.68422966316064,57.69872723318514
23,11.716249966806748,0.0,0.0,26.311178211904586,60.88674862232118
24,20.159803538332827,0.0,0.0,38.77969222243504,63.69358140531975
25,24.904999145836968,0.0,0.0,53.815730552914935,69.82072974902383
26,33.377284041977035,0.0,0.0,51.8069703569416,75.79946374410059
27,40.68010811663694,0.0,0.0,46.64760197669041,82.73398075211436
28,44.82029130753553,0.0,0.0,42.216742583979006,85.7355218722182
29,47.346643989174645,0.0,0.0,36.17811544693284,89.24545819599535
30,52.51244717579917,0.0,0.0,29.460692802235275,90.95642959256728
31,61.73033939515131,0.10704134085128944,0.0,21.001032572214893,93.78879924342928
32,66.12816681857063,1.7914984922269959,0.0,17.812984664400112,96.40215477627704
33,73.36039367944888,3.3355113832825016,0.0,13.98963755517931,100.47902286723549
34,81.7596089509035,5.4524587673410885,0.0,10.964009240667584,102.13295097166208
35,87.23140999947216,6.49927403712943,0.0,7.354189665445382,106.43597782445428
36,101.03292063240706,10.937052741867031,0.0,10.310487367092671,108.96887199515852
37,103.10993233205325,13.398079559788124,0.0,9.345614535924176,107.64060958206926
38,98.75734965196658,14.326421647303242,2.1990754746342933,8.193530703673606,108.00251550785543
39,87.17647790240845,15.44231448736965,11.110021435141826,4.4532475720434315,104.85711063370529
40,68.51904686124479,13.38965636814014,13.761384032298777,1.165357090186469,104.30088978183927
41,49.98455644026348,9.999521267132193,12.119094913953171,0.0,94.94246458051352
42,33.585139474737154,6.093913168427652,10.942824433947546,0.0,84.2730567746334
43,26.267944352893878,3.3355803609017616,4.328282831767254,0.0,71.41610652642022
44,23.173966706862007,0.7723157017799034,0.0,0.0,60.280213408562915
45,23.827140612648073,0.3108478286985309,0.0,0.0,52.436077358847754
46,19.494685542887932,0.0,0.0,0.0,46.30458582438198
47,17.36584175988449,0.0,0.0,0.0,43.271019046029416
48,24.18884149052407,0.0,0.0,0.0,82.95912751265597
49,23.04675918666129,0.0,0.0,0.0,89.93409449488827
50,23.946727441015238,0.0,0.0,0.0,88.78818438455059
51,25.684030738180198,0.0,0.0,0.0,79.73243092401536
52,22.396576769272198,0.0,0.0,0.0,72.75175802935523
53,22.20371085712152,0.0,2.6437750276191028,0.0,66.45017592700862
54,21.879088131558248,0.0,6.59764435345209,0.0,60.48225600340518
55,25.77381464516355,0.0,5.1561766437515235,0.0,55.38100532250001
56,27.391244477136787,0.0,7.75021246278012,0.0,52.114815397830206
57,26.65853211247736,0.0,7.629817628098349,0.0,49.59717730065428
58,35.58987762237058,0.0,7.266507540169929,0.0,45.72656831371666
59,39.98757105170651,0.052607299690688315,0.9349267473844218,0.0,40.67539810660285
60,44.278849230392396,1.393036199372489,0.0,0.0,38.188650994629185
61,32.64599887406673,4.131312631397374,0.0,0.0,34.722450934720996
62,21.369025615264725,6.5503004376631795,0.0,0.0,30.37144653505568
63,12.611854964925785,9.302489465001004,0.0,0.0,28.801575730299987
64,3.2882514938648693,14.496220020906373,0.0,0.0,26.22625299430979
65,0.0,14.82124046003594,0.0,0.0,22.96129843773272
66,0.0,17.017530211610005,0.0,0.0,21.028179205840924
67,0.0,20.532954981556493,0.0,0.0,20.33483626848658
68,0.0,21.572161672613234,0.0,0.0,18.730960315469886
69,0.0,25.239470192183013,0.0,1.4829475053715042,17.80961976615352
70,0.0,29.14893176603129,0.0,2.6438920606877665,16.810086016526338
71,0.0,32.965831014818434,0.0,5.212149194715546,15.264632368802404
72,0.0,34.48331994939079,0.0,7.796171370794692,13.799144124140494
73,0.0,36.42707121324179,0.0,8.137036953646511,13.300622177061177
74,0.0,38.655260805478186,0.0,7.505593351097452,11.58096676302475
75,0.0,41.297490161558244,0.0,6.671972251024339,10.008128033179977
76,0.0,41.83828760650539,0.0,7.089272722624718,9.069069095634717
77,0.0,41.329719137320964,0.0,5.784470980962112,7.96791914979543
78,0.0,40.719918169965275,0.0,5.901625131861332,7.071778292153809
79,0.0,43.00412338839754,2.5341952290100647,7.299585574486962,7.890873937672268
80,0.0,45.484371077288564,2.030700811537461,6.8063151093213765,13.026439113694579
81,0.0,47.301260037375,1.1392785003728296,10.295945598405856,31.99233333650361
82,0.0,48.3724970673286,1.6714710796671348,27.07198214898144,57.754031182032136
83,0.0,48.366475700902996,2.7425302483798384,53.94614796244896,71.15979698733055
84,0.0,46.497073814874966,0.7259367405436314,76.17781980090233,74.02710633083417
85,0.0,39.39546382610917,0.0,107.3418664879897,78.23988036202401
86,0.6078475338686787,28.6668036334714,0.0,161.33722234302817,76.68729696390005
87,15.482762896505267,23.159858642280888,0.0,185.10991171540292,76.59698239471079
88,20.729457980473963,21.147291339557324,2.354108261437234,190.48857262625413,71.20358798562091
89,16.777836871486702,14.971528899347494,8.685420927694407,186.26904691441982,69.09351393923248
90,10.1757968058647,10.10357166630356,17.04494905360974,172.38012125442089,73.70061570299367
91,0.5221354263138701,5.0094570986329865,24.920614051335768,179.53235118469155,64.29241471197673
92,0.35843783053771755,4.0914117955409495,20.576652750183968,162.4424631589473,52.04493103788088
93,0.0,2.639195727149908,21.284373361990745,141.67335820560683,48.97478392638856
94,0.0,0.0,25.21488428276091,120.86119711198243,52.611197938327294
95,0.0,0.0,25.88909680543497,106.78851831322157,48.78202046589776
96,0.0,0.0,32.43912894222414,90.88518244539304,51.32231425241184
97,0.0,0.0,36.08952083111398,74.02515186448464,55.21964208690571
98,0.0,0.0,31.212313900561306,61.89494758772216,51.57895509661478
99,0.0,0.0,31.676822750298534,53.537459020277936,54.43042877117301
100,0.0,0.0,42.44880941872305,45.343838835636426,61.52585532169263
101,0.0,0.0,44.466987667328794,37.199013089172134,60.865538955687164
102,0.0,0.0,39.7794458722822,29.423703417907724,68.94702411705879
103,0.0,0.0,42.193995717583114,23.27686911661918,74.64800118033206
104,0.0,0.0,43.02772885029485,18.68455903277534,66.71846413432378
105,0.0,0.0,43.15847519466678,13.609579463499108,66.3388758609168
106,0.0,0.0,38.9240162186683,12.915259865447517,61.9672440228499
107,0.0,0.0,31.233754318211666,10.444468590910972,58.34793552439369
108,0.0,0.0,29.622250219774074,11.74259266573962,58.12020509224182
109,0.0,0.0,29.917347904340588,8.556100594633278,54.29803367959346
110,0.0,0.0,27.45891559677253,6.214362519657311,52.107767372912654
111,0.0,0.0,26.996296609612042,3.9763589206471197,54.57134021031148
112,0.0,0.0,30.119058461013452,6.068285522680732,50.21716996716105
113,0.0,0.0,31.104465329550386,3.2926706708153626,51.82023069149483
114,0.0,0.0,35.50809971615588,0.4552393924270464,54.815195166010504
115,0.0,0.0,36.94130089781764,0.0,50.912160753053634
116,0.0,0.0,41.742399230290495,0.0,47.83261559465539
117,0.0,0.0,55.17065437355196,0.0,48.76198957295456
118,0.0,0.0,62.816259762239724,0.0,42.72060767581614
119,10.266329065133846,0.0,60.0930924156626,0.0,40.77709874724997
120,9.94364448047483,0.0,57.124515988411524,0.0,41.193056584674686
121,3.4514392425013565,0.0,63.892020613329045,0.0,42.4263698251563
122,0.0,0.0,73.15818129078562,0.0,38.13418008096865
123,0.0,0.0,80.0953762736318,0.0,35.520452364075524
124,0.0,0.0,88.32485735849752,0.0,33.97831007052531
125,0.0,0.0,95.9677138545176,0.0,33.3368208577802
126,0.0,0.0,91.82728003887148,0.0,60.15895011876739
127,0.0,0.0,94.73906450298513,0.0,61.02011933274507
128,0.0,0.0,93.84716646399448,0.0,60.6694217400756
129,0.0,0.0,99.1929258635553,0.0,55.71998637709718
130,0.0,0.0,101.80340614227372,0.0,51.03535103816717
131,0.0,0.0,110.63783993210151,0.0,45.96832968999243
132,0.0,0.0,113.27181283487894,0.0,37.96103139398682
133,0.0,0.0,111.83409171950692,0.0,32.290176640647026
134,0.0,0.0,113.0113872077925,0.0,29.61435963425965
135,0.0,0.0,103.93930807383852,0.0,27.960950849629675
136,0.0,0.0,98.7213741528149,0.0,24.832300949696137
137,0.0,0.0,91.72729152917843,0.0,20.496915977605386
138,0.0,0.0,88.88400354145283,0.0,10.541920961748772
139,0.0,0.0,80.57677573168455,0.0,5.8058396744847665
140,0.0,0.0,72.66161989625125,0.0,4.8734016417868755
141,0.0,0.0,62.303449111218434,0.0,1.8804020390815197
142,0.0,0.0,54.62462119534752,0.44228518179387505,2.2300869236790475
143,0.6471993297790831,0.0,44.724074789944304,4.992832914275417,2.1192282905076363
144,5.128608192384488,0.0,35.72971362009172,5.995877122016327,2.5200309747266774
145,9.531774335945984,0.0,31.687147581616212,3.579291600776437,3.3518870569825823
146,11.255308811033027,0.0,30.05091657289825,1.4109520706228371,4.441186662172638
147,12.474509463596776,0.0,25.649583051453014,1.3875563990985906,6.269126891279322
148,3.586941459994101,0.0,21.717852062841953,0.9164027050522008,5.43500977743186
149,0.0,0.0,17.917134457860712,0.7017823979436407,2.561398741064248
150,0.0,0.0,17.163686296868224,0.0,1.085159368246254
151,0.0,2.3908047429483186,16.867562492869926,0.0,0.0
152,0.0,3.882712737944594,16.528992999973273,0.0,0.0
153,0.0,6.08523789354213,18.560721666447822,0.0,0.0
154,0.0,8.563125908205716,16.719360982716005,0.0,0.0
155,0.0,7.981075922733089,15.074144800850231,0.0,0.0
156,0.0,10.966853342986312,11.872531583163529,0.0,0.0
157,0.0,14.028732313039527,8.988310637890999,0.0,0.0
158,0.0,17.232638397842205,7.551417010297115,0.0,0.0
159,0.0,17.891862661977306,11.518285912900732,0.0,0.0
160,0.0,15.695392646518656,13.134256634518072,19.643488086320318,0.0
161,0.0,12.851800943882663,13.169580806317716,54.30896501928874,5.817657403276881
162,0.0,13.4452625064904,11.849076525246007,76.64101029665483,26.17622507815361
163,0.0,18.457837888220986,8.216328613314726,85.56757561591347,40.18578486507071
164,0.0,25.491311322690226,0.0,124.21179464826851,47.6444514412974
165,0.0,30.04310492625655,0.0,141.34804427518245,63.1711522528876
166,0.0,30.48166545930246,0.0,147.4121701450986,65.54659840530337
167,0.0,30.15161607587517,0.0,140.99131881113718,65.09421122770338
168,0.0,29.516007145450804,0.0,139.2870486935255,59.49255260450838
169,0.0,28.26873803793109,0.0,125.55640388066051,53.97007120453738
170,0.0,24.815134538767012,0.0,112.76510026607096,43.413867930796
171,0.0,23.197194204537805,0.0,95.79309841464865,40.10130725884932
172,0.0,19.781020684908132,0.0,85.44048934492595,40.016820239290965
173,0.0,13.603056491337476,0.0,72.48219747659148,39.78747833635636
174,0.0,7.041723847741932,0.0,56.55062328190365,5.465737202397871
175,0.0,0.0,0.0,49.45410064260251,0.17946677051787133
176,0.0,0.0,0.0,50.964467627173484,0.0
177,0.0,0.0,0.0,44.09048417721818,0.0
178,0.0,0.0,0.0,38.500859826606394,0.911712335038222
179,0.0,0.0,0.0,31.437837180398112,1.2194146889973003
180,0.0,0.0,0.0,31.926306380968693,0.0
181,0.0,0.0,0.0,31.046623006582927,6.70259655986457
182,0.0,0.0,0.0,34.69674076453281,7.1738263181105175
183,0.0,0.0,0.0,29.407837152455354,9.068416661204965
184,0.0,0.0,0.0,32.589246935587695,10.406249862285764
185,0.0,0.0,0.0,25.546416130242037,15.085633312166223
186,0.0,0.0,0.0,21.650460298097787,19.41947497551335
187,0.0,0.0,0.0,18.355273885806557,17.65005171509489
188,8.527322146211793,0.0,0.0,12.777238948368044,33.15225033977337
189,10.176395096833463,0.0,0.0,7.337337296037574,38.01142315631173
190,0.0,0.0,0.0,8.5610192398319,35.958324367451155
191,0.03852569746870938,0.0,0.0,7.726066259059945,35.271533064879485
192,0.0,0.0,0.0,11.690081026639366,37.18393107744469
193,0.0,0.0,0.0,11.608452321084346,37.49797254319982
194,2.2427004555838512,0.0,0.0,8.902231030885343,32.162471444417484
195,0.0,0.0,0.0,6.244894597567372,33.20859254154258
196,0.0,0.0,0.0,7.683622120350825,28.062137967476357
197,10.995520809675543,0.0,0.0,5.518072153364249,23.521318369926878
198,10.3653225372111,0.0,0.0,2.838245768292983,21.813638110151764
199,7.4689638984521665,0.0,0.0,1.1218125744638932,14.991159861675115
200,14.458200630521883,0.0,0.0,5.9413390817327905,6.641480020204095
201,2.93901139936115,0.0,0.0,3.7842794894875116,0.0
202,0.0,0.0,0.0,1.2695515030970843,0.0
203,0.0,0.0,0.0,0.0,0.0
204,0.0,0.0,0.0,0.0,0.0
205,0.0,0.0,0.0,0.0,0.0
206,0.0,0.0,0.0,0.0,0.0
207,0.0,0.0,1.810062011467576,0.0,0.0
208,0.0,0.0,4.631270386324041,0.0,0.0
209,0.0,0.0,8.262765207473574,0.0,0.0
210,0.0,0.0,9.589624495526543,0.0,0.0
211,0.0,0.0,10.164881841297928,0.0,0.0
212,0.0,0.0,12.474487475624187,0.0,0.0
213,0.0,0.0,13.279823027723234,0.0,0.0
214,0.0,0.0,10.853059770024347,0.0,0.0
215,0.0,0.0,3.4904954627785414,0.0,0.0
216,0.0,0.0,0.0,0.0,0.0
217,0.0,0.0,0.0,1.1900687572638375,0.0
218,0.0,0.0,0.0,1.5321718300455605,0.0
219,0.0,0.0,0.0,0.6947827523875598,0.0
220,0.0,0.0,0.0,1.271446170929284,0.0
221,0.0,0.0,0.0,1.7066816169883616,0.0
222,0.0,0.0,0.0,1.1599132028266446,0.0
223,0.0,0.0,0.0,0.4334905159216931,0.0
224,0.0,0.0,0.0,11.823237130077734,0.0
225,0.0,0.0,0.0,14.047582956826561,0.0
226,0.0,0.0,0.0,12.019540174456207,0.0
227,0.0,0.0,0.0,11.24134728579375,0.0
228,0.0,0.0,0.0,11.731874789045904,0.0
229,0.0,0.0,2.931982103807913,12.138433148172142,0.0
230,0.0,0.1328645420354182,4.8075316416401614,10.13103372057342,0.0
231,0.0,3.1653653509398096,6.762952013740952,8.310943298061591,0.0
232,0.0,9.247034290584487,9.372094635605203,6.342520640095131,0.0
233,0.0,11.571425424956074,13.540571676438255,3.766515357846104,0.0
234,0.0,4.471718236017247,13.179559898742365,0.3546201718099045,0.0
235,0.0,5.723240679371184,32.97593589390499,2.09937792167283,0.0
236,0.0,8.742855206303918,46.523779092723885,3.3399457160463157,0.0
237,0.0,10.630326970136183,54.67774892234309,3.797961440748817,0.0
238,0.0,12.090367124044118,53.743471150459534,4.817132790499205,0.0
239,0.0,17.55535919182822,51.348189802678846,10.964942534242097,0.0
240,0.0,24.01212446868821,46.920159220647356,13.038477923571875,0.0
241,0.0,27.366909579046105,38.83371406829306,16.491015487059425,10.332754641901092
242,0.0,35.21736502671928,26.65585606829047,31.84350045650291,30.47646819276144
243,0.0,40.468980641850216,17.508543570695142,37.6089912138531,42.48643518865204
244,0.0,39.016961768604666,9.9248561372884,42.00768970872182,49.63909402496215
245,0.0,42.34388187648038,4.24928529119748,47.191396538159935,58.13083814096426
246,0.0,49.02514818926824,4.69131119570172,50.785065547542544,63.4531872561031
247,0.0,44.16455697156926,7.715016853828648,49.697032005427026,66.60714954179245
248,0.0,42.89247842362325,8.568559983400581,51.019884189897596,66.20839877099114
249,0.0,42.20413762749389,5.528292343795656,49.743530890798276,65.28476355016764
250,0.0,43.04117699267437,0.0,47.312934702709846,63.39253218822326
251,0.0,42.94011332930961,0.0,41.23429899574574,57.624409097715464
252,0.0,42.279308813838036,0.0,41.011778407705926,56.130727102878225
253,0.0,37.4088040595376,0.0,37.18264021898983,54.54461384701127
254,0.0,34.25505352068425,0.0,31.127379005915238,47.17020289067528
255,0.0,33.792159166458,0.0,26.504691226140064,44.5017936605634
256,0.0,35.437666660663936,0.0,28.232958732196163,43.19544931988925
257,0.0,33.84416930182849,0.0,23.444155956004266,38.07719075840331
258,0.0,38.83480616400798,4.010560245934671,17.81218200125435,39.28529777817971
259,0.0,33.14356040674181,3.5520777094542777,13.717816261399332,38.390346672247794
260,0.0,34.47810557126738,4.1522282369077645,13.119494391379495,36.44955936899303
261,0.0,33.92953791960279,13.256563952932911,12.262510282664405,45.1591327807821
262,0.0,33.73128632612469,26.023848090869727,10.100088486164706,51.057238123092155
263,0.0,35.74337058774113,29.254258533301467,5.024633887677814,55.48150185653533
264,0.0,37.57351621165311,32.2648866818867,12.299087700359358,51.23524195301295
265,0.0,24.923201334061964,22.41433240562391,123.93177643081192,63.00057579546907
266,0.0,20.386160828607164,20.454120857903725,125.47449630899362,65.87731869441855
267,0.0,25.212979634390692,21.77758338462399,110.74768491548906,57.6890504825117
268,0.0,20.46018213420181,19.289831106682747,96.8890974895379,55.39486132454172
269,0.0,22.307271115904094,14.725767784762695,79.52352778604397,49.89205506307921
270,0.0,24.182519579372048,4.354517771646531,63.623179039386606,46.65203464741124
271,0.0,21.093534970267807,7.608189933992414,50.565343783402454,46.18379132134528
272,2.2718159965743796,26.047500118068942,3.3456936883426467,53.57949713703729,36.836592336863035
273,17.440508855090165,32.40293472588184,0.0,44.212890136148566,31.831314681818146
274,15.417976990033171,26.440401905619307,0.9552125198325953,33.06432058994441,31.164306397447
275,17.278450928114967,27.818086215118807,0.0,25.849577847783237,24.51672577759005
276,29.639934360073646,31.23590812799709,0.0,20.20087217128544,23.447298822392387
277,37.207928665381544,33.64274772489727,0.0,12.721240408362648,25.600400558718928
278,30.13807409843452,26.06144409289097,0.0,5.7879271188874695,29.611712172964967
279,29.60009956348157,25.62873250018775,2.0809936408255907,2.936219266303417,29.130229044017984
280,36.295159518107425,24.14160489438581,1.6036012273308808,0.0,26.807446606299006
281,24.045722529938303,23.43369456064004,5.084669274125728,0.0,22.709649554597178
282,18.0236758802792,21.76750173267417,4.4486011513294965,0.0,18.009434099417817
283,9.286243420331722,20.68117957747554,5.780614791766312,0.0,12.534519589766585
284,0.0,21.863178979944717,15.772693087828861,0.0,11.042375043299792
285,0.0,27.14261894779323,25.94346779049851,0.0,7.335078986022793
286,0.0,24.76696002280016,28.38473312487047,0.0,1.2759509910375386
287,0.0,20.56495673948383,35.90425843088335,0.0,0.398763090026095
288,0.0,24.44638475957527,41.7483084347622,0.0,0.0
289,0.0,21.366051561420708,43.9101854555426,0.0,0.0
290,0.0,17.949706021653512,44.074916769027176,0.0,0.0
291,0.0,17.99839235144612,44.25009604703629,0.0,0.0
292,0.0,19.04337502790407,44.60499455527117,0.0,0.0
293,0.0,20.14933268813349,55.54448645871194,0.0,0.0
294,0.0,21.059766100772134,58.43901683387211,0.0,0.0
295,0.0,20.50557833622184,56.9378388685061,0.0,0.0
296,0.0,21.715341500949453,48.1170308512231,0.0,0.0
297,0.0,20.377447909835233,36.575375045181225,31.567208134815058,0.0
298,0.0,16.181389476205712,31.430093617557567,49.118296895875346,0.0
299,0.0,17.657851440624853,34.95134345806786,44.97556628617068,0.0
300,0.0,11.704799280208325,26.956047827393103,97.45322011315865,0.9625168484618384
301,0.0,13.67344633899501,27.12503440084008,97.76590539633648,0.0
302,0.0,13.214609007921727,24.094660559338063,86.23586489330843,0.0
303,0.0,12.084409583451517,25.283446680959745,72.39869355597257,0.0
304,0.0,11.182106641504667,25.387938176088753,57.78937350294353,0.0
305,0.0,11.293827815510536,29.550568286392718,45.494076199210646,1.107083054320444
306,0.0,11.754841966361608,30.99848362797509,36.70153062024672,1.0623264193866973
307,0.0,10.883462603976962,29.77217116908896,31.435489236816544,1.3884501444965422
308,0.0,9.079030008454474,26.889264077362114,24.66927150812883,0.0
309,0.0,12.81294582584238,27.14331525954111,17.1977462743106,0.0
310,0.0,14.049856431187825,28.096846854920052,11.956323533431563,0.0
311,0.0,13.735776179327507,27.735688844506942,9.417280741390066,0.0
312,0.0,15.933060695162318,25.63182719550095,7.968005108400247,0.0
313,0.0,17.859401470860373,19.973567285995408,5.658054038422705,0.0
314,0.0,20.48555304777335,16.16959025478463,3.648393039501121,0.0
315,0.0,23.670737049629874,17.458111436552038,1.2409818398565806,0.0
316,0.0,25.37857681963004,18.777246034115997,0.0,0.0
317,0.0,29.998496883363515,21.64636298284335,0.0,0.0
318,0.0,32.74496318204809,27.988797989717497,0.0,1.1142046209482706
319,0.0,36.25682588621977,27.3617190993578,0.0,0.9559679927800796
320,0.0,32.97841481070082,23.39874813819869,0.0,0.8662004556221478
321,0.0,40.396421702249064,21.627717079468635,0.0,8.88219907693312
322,0.0,43.02655651154814,17.321964259436978,8.862696182608714,24.979668050926556
323,0.0,50.291341776625366,14.245139366244853,15.150897735945772,32.02343383097602
324,0.0,47.908478744279144,8.271955696088138,20.174013112856237,39.66022701971011
325,0.0,51.90838871950903,6.0095204286945005,19.185465830098483,39.67933028960322
326,0.0,52.08791795530014,2.254814816421626,17.69116774489098,44.5981846796024
327,0.0,55.777246081027066,9.58034608306245,14.044712926997304,48.83850118090129
328,0.0,57.916824522187326,6.876600425687696,13.650517683623221,48.12160207322928
329,0.0,58.44245526152506,8.828586358053538,10.179606627017376,52.35213862226503
330,0.0,55.13286527816352,11.078176251926847,9.983875891003477,54.89456444301359
331,6.058799957769876,57.48545565209178,10.226688715997089,5.6081900433991505,53.48063395913756
332,19.728206713846163,57.17160525035324,2.724308080258965,4.910728234078222,52.42187774380929
333,21.89589735183325,53.30862038372507,0.0,3.9078756323599535,48.01820804171329
334,18.97507657234516,45.741681441746024,0.0,0.8839735720162974,46.996219299627924
335,20.833159674575974,43.0995412282996,0.0,0.0,37.77681802730967
336,24.03107363738144,44.57866522924724,0.0,0.0,35.723111232485685
337,16.817997758155233,42.050852381811374,0.0,0.07084569719372656,35.44749643808651
338,14.284461391501539,41.739326668404686,0.0,1.915847904062572,32.53186095249479
339,13.259594764950199,41.717771150874185,0.0,2.904596505247133,24.95574187062845
340,1.1013448856147199,43.19543974411121,0.0,4.605685365217836,7.732482259655009
341,0.2456087587542094,30.751758166319018,0.0,4.790837750474479,10.217016971556363
342,11.46453703923862,29.462083823024958,0.0,12.536356181312847,14.140793182241964
343,22.432185172035666,30.50931758701858,0.0,15.600436845239582,20.54802238667001
344,25.72027440612222,29.67922837028573,0.0,18.66213020098933,22.269485337080468
345,24.39848329063354,30.36400583363587,0.0,19.09822793470221,31.568871093827862
346,27.320246946920186,33.23069297834228,0.0,16.051035953353946,39.08514377072878
347,25.83458227200187,33.70560414686555,0.0,14.118757336244345,44.85599612363891
348,28.63113564391837,36.376347578106845,0.0,15.60083729749161,49.592729483596706
349,38.97132927046663,39.55700939495541,0.0,14.715652235252795,56.92487465912046
350,54.74617738212951,41.356118315566356,0.0,14.740817827948904,63.30781862484452
351,73.52803484862143,43.913364460168715,0.0,26.679021983043818,67.8919252064169
352,95.09715005241264,44.518544669180315,0.0,50.510896308816406,72.23598144269093
353,120.80793303024241,48.91009237849593,0.0,25.39534742627084,102.49907586261841
354,131.86857227758222,48.89420058962131,0.0,20.10900535965441,113.64749508257073
355,134.60628306914865,56.42525571519603,0.0,21.66232286301011,113.5873841939161
356,134.53020791613545,59.948020422682525,0.0,16.857440154386165,113.37642632493835
357,139.78948660990943,62.36694231745225,0.0,12.93839339168333,123.31161191041409
358,141.01256632999105,62.368836419074924,0.0,7.0623736540978825,120.42436805266152
359,148.09081622510774,63.29175531236717,0.0,6.247223290755657,118.26262186248516
360,155.59332784189843,64.50417982587967,0.0,1.6653755219958737,117.23015589877078
361,155.19602299792425,63.68756681262565,0.0,0.0,108.24435027426529
362,142.9989842010887,66.70338339110326,0.0,0.0,98.727006711989
363,123.6758984950888,73.33999941501031,0.0,0.0,82.14168659344034
364,108.70720797778091,72.24888547265193,0.0,0.0,62.587935447437296
365,91.3884932558362,75.57536100582604,0.0,0.0,44.89392543940297
366,75.82213598887094,77.59353309457738,0.0,0.0,35.150100335908014
367,63.26596917497815,81.7893270901537,0.0,0.0,26.767144707029928
368,55.2464051278001,83.84250894403884,0.0,0.0,22.02251159180617
369,46.797985186518574,85.40666951941222,0.0,0.0,17.693049888228575
370,42.1508379606692,84.41346025589189,0.0,0.0,12.761768880840672
371,32.505066199728944,87.98764629963736,0.0,0.0,10.698030887396902
372,31.188986679697948,89.50938187216667,0.0,0.0,11.630667091605293
373,21.78979205442657,90.46231894494156,6.8989978187359045,0.0,11.346220435575214
374,15.008996785711007,93.73524223999223,13.091934556078515,0.0,10.714887612758242
375,16.10028817114476,93.03583712639693,9.43220818503112,5.617867739751906,9.742367343992528
376,15.498523387818437,96.41583818062472,6.346873569439036,10.951161406208264,7.548238878508679
377,5.771806279997708,97.99667770129535,8.122049729330161,10.804408839334755,5.3649807262641485
378,0.0,98.61327960407208,7.24225998627917,7.575925853091513,5.8249816653250095
379,0.0,102.2764695427433,5.460799727325464,5.8977406256014575,2.0005550345453753
380,0.0,105.06950699148376,5.021674488372296,2.6672671308824825,0.0
381,0.0,104.38892955809773,6.226216972163661,4.2029836700141034,0.0
382,0.0,105.60958120457279,14.137552609397776,1.9428182986030784,0.0
383,0.0,109.59119165511042,22.712711709753407,0.0,0.0
384,0.0,113.53716305492658,24.463797147126,0.0,0.9012734698007016
385,0.0,113.9306149488033,22.742362668728212,0.0,1.0135985832687504
386,0.0,117.6277889571027,22.45620031250835,2.0797731825502503,0.0
387,0.0,116.06881835301769,25.694496643461143,0.9210708358560212,0.428770606117182
388,0.0,119.20235032827036,27.2505211743087,0.21805307178776148,0.0
389,0.0,121.81136834422657,25.922014246864535,0.0,0.6263227963949862
390,0.0,121.14119709873604,27.077808950160264,0.0,2.578887755943831
391,0.0,120.27249032787692,24.63318699169479,0.0,2.9196315118749667
392,0.0,119.549442057629,18.81792070370672,0.0,2.8246073667673626
393,0.0,124.69609602680357,14.660892430664179,0.0,0.2592268189514958
394,0.0,122.17286283147415,15.145845354530074,0.0,0.8905209731420689
395,0.0,123.43163155455869,11.832672666323056,0.0,2.5792795596701894
396,0.0,121.96670933891933,10.164249805283408,0.0,2.183334921206362
397,0.0,123.51366351295471,11.102931706393043,0.0,6.0548753905362585
398,0.0,124.80134792323969,12.531568549940596,0.0,6.304247349253798
399,0.0,121.22479405339321,8.816327958984154,0.0,6.005321790212613
400,0.0,119.52908504161438,15.13541927423543,0.0,9.487039192726316
401,0.0,124.34145000440031,19.72140658290588,0.0,21.89057042832388
402,0.0,124.73284326466688,18.61457256817635,2.98418399080616,34.966225633268884
403,0.0,127.0958978995406,14.512739884432126,54.65074257512413,37.627375567937925
404,0.0,126.80523269017306,8.918886787459634,61.33084244868218,44.604732244083046
405,0.0,126.69669943831268,4.968088486033078,59.80158951981737,51.8406809275707
406,0.0,126.29309313138631,0.8691098663591303,56.92908395735643,58.35239771489719
407,0.0,123.04671835279824,0.0,60.30282905254196,64.63239626809869
408,0.0,120.42879478912472,0.0,56.5520474072029,69.02739351869961
409,0.0,115.81141042853878,0.0,52.89940649977829,74.03882066093229
410,0.0,120.01051412955871,0.0,48.75939057625868,74.08045511050935
411,0.0,116.95187051518951,0.0,57.07224206982826,74.83551817744099
412,0.0,113.94746305882576,0.0,54.795541756717846,75.49386504380315
413,0.0,110.91733598578504,0.0,50.26411894662333,77.60579799962409
414,0.0,112.99993320572314,0.0,48.85663634242819,82.11649549829117
415,3.6838204729925774,112.62887392236706,0.0,49.43970001397185,91.43082645366778
416,6.043529208382799,112.25708316536677,0.0,45.578885225302564,92.63026477084593
417,6.567607122769863,113.48464442303421,0.0,40.633093723314815,89.2029960995545
418,5.415492520444563,114.47867495453116,0.0,37.54963172016797,86.40514135880169
419,2.9855307631568704,114.23094793879356,0.0,34.26294903856543,77.76566694922641
420,2.645395393357058,112.02999820469135,0.0,28.49991428588714,73.39792519863849
421,3.5528398160869834,113.22788705892198,0.0,23.833029869379395,72.24725123906822
422,0.7857218177981323,114.78314311597546,13.698288918322413,18.61364678877455,72.4666985226561
423,0.0,109.01101978565012,25.62441789914495,16.520058870493266,73.0373652450036
424,0.0,106.24967097281548,32.32834207799479,13.809372825792947,71.58098044048302
425,0.0,104.51535546549415,39.5844351561347,6.857552593368199,69.09345336092552
426,0.0,104.40077341286607,41.24583689789071,2.4806486811176782,67.80567971025387
427,0.0,96.68798896949991,32.10288525873243,4.702289889438044,59.27488677614415
428,0.0,94.61762895667118,32.92752698282348,3.4709726123457494,57.59108034256493
429,0.0,91.21482372921184,33.05018803906929,0.7062781275188146,56.10512440850929
430,0.0,85.19121990188606,37.26319282506649,0.0,59.96426285425066
431,0.0,81.70029780918091,41.24673549498479,0.0367228976578165,54.291326580120966
432,0.0,82.92960317486603,45.25432340401385,4.296297974040861,52.92581683569354
433,0.0,79.77700375554338,49.236621680151366,1.7495341492652314,49.811706619630826
434,0.0,72.93437961919506,48.90202172619395,2.416086792047952,48.776411578063424
435,0.0,75.87678225478489,38.71304069775859,3.7252450072870777,40.08472557725591
436,0.0,76.35191802557745,36.54365964342908,2.8723180577289367,43.05704337566927
437,0.0,71.70360398216437,37.933660363079355,0.0,48.388358926745475
438,0.0,66.92739743068522,34.021137832055324,0.0,45.87395797554656
439,0.0,62.25183335451196,34.460803856430545,3.5611516158675403,45.61647426571785
440,0.0,64.00820354989641,33.61087045446694,3.713415703429683,48.42783606578643
441,0.0,61.139727515045365,29.41183141047027,5.4159225012327985,45.10117188249466
442,7.4337474894810045,56.27439966984971,23.798716852343283,7.075790450793399,40.7926274321853
443,22.352789855907282,54.080696429863316,20.426421293688136,7.499657361224321,32.878582849019296
444,31.46955321338353,50.775214821764315,13.704026146532321,4.405431732889205,31.233392323084196
445,35.16559713933799,50.91850136168404,13.97977584521304,2.1205462777447504,29.66276411644321
446,39.09710904176938,50.54915309105549,18.918367601586066,0.4659046162105801,26.80615605218641
447,43.41471613383031,51.129843602433716,25.00803485273275,0.0,26.967388215354497
448,47.34553673793935,51.508805146258354,27.52501146949481,0.0,22.912928973541604
449,48.840435602250004,50.20241417175534,23.9128887528714,0.0,20.82233865225032
450,51.913010061582526,50.43075516695489,22.489473679141444,0.0,19.871959981693234
451,58.427876794994745,50.87646053505596,23.14780848992734,0.0,16.905989092394574
452,68.3568128031991,48.20862521684261,17.269794439796428,0.0,14.703560383444305
453,73.89091739351272,48.096096867702535,14.046376225973713,0.0,11.154441168347097
454,85.74563198304322,46.87144643170353,10.010099885880068,0.9778318366287676,7.576190799997206
455,109.8445127403372,34.29573344495492,0.0,154.91537019848397,9.533630078127796
456,125.90679220040687,32.8196667364612,0.0,258.6701466265384,3.3578592521977635
457,110.62544815526928,36.45312290097925,0.0,251.80005592630332,0.6571923902986196
458,89.37635140582672,43.503960256993274,0.0,225.35166483254574,0.0
459,71.75344630000754,48.56102748826661,0.0,192.3943092846033,0.0
460,50.51767378793585,53.07687644401871,5.746329524632017,159.52756922699874,0.0
461,34.490467911700314,57.87117441362635,8.635908786305459,130.6406308309054,0.0
462,27.320735126803694,60.926219763989494,8.342122188599003,106.40276196337193,0.0
463,14.53244931516839,69.19078222801646,10.600323909843578,85.40957133079269,0.0
464,5.610648360248003,71.36079256400966,13.28794105273329,67.9994688385623,0.0
465,0.0,74.31935859795651,13.142354236378194,60.368763522870644,0.0
466,0.0,75.88408196218053,11.79512599399392,50.9391585137827,0.0
467,0.0,76.68758538164244,16.138592858423053,47.22953056895197,0.0
468,0.0,76.63672123842935,13.657026024910452,52.47281434937446,0.0
469,0.0,78.26398309515831,16.54013192413397,44.29738820261512,0.0
470,0.0,77.51130938232008,14.503344981977829,41.52175688135174,0.0
471,0.0,79.05015440257573,16.823650560720857,33.879495095905504,0.0
472,0.0,79.87941559504587,15.339699502297067,26.95337508190441,0.0
473,0.0,80.09556626344948,11.076971782705623,21.355923005478637,0.0
474,0.0,78.23243177373203,10.94259437414768,16.053698502534846,0.0
475,0.0,79.06881875537958,10.233179778338886,12.304459529836281,0.0
476,0.0,77.65186873866173,7.086903553410242,9.119828118366646,0.0
477,0.0,73.83423549420745,6.154698325677267,3.8124662737813484,0.0
478,0.0,78.03348372010116,9.124851794227537,1.2750520267658,0.0
479,0.0,81.16029216242613,12.184083666860076,0.0,0.0
480,0.0,83.07241800507491,11.282856620173638,0.0,0.0
481,0.0,89.23591983293537,9.683722031238547,1.838085488299628,4.348863717177935
482,0.0,96.26899174241777,10.28231716511731,9.792160677086763,28.5305245138668
483,0.0,105.62473890245272,6.806204013116063,20.15958449347349,44.99370295160781
484,0.0,114.38640336251915,1.685233819589553,24.132822929486768,55.86012214335749
485,0.0,125.40821570570552,3.5249654070598613,28.47537397789842,56.73982724208899
486,0.0,133.79063118197584,9.303042042197193,35.85209183742288,63.48796086261262
487,0.0,140.94399602119714,16.884065619831382,41.196217710421855,63.93675866463386
488,0.0,140.38622370697374,23.70499930482761,39.413356504339646,60.26146615171897
489,0.0,144.48985264177827,26.738085050247488,39.08101526913185,57.59517402083772
490,0.0,147.62061442232505,32.38643825774823,41.48714714817978,53.441340485031645
491,0.0,146.86607211010215,33.49723657849202,46.864838395441026,54.2883391761617
492,0.0,147.3009661961122,39.83314478163909,41.79804773969392,48.50142074610417
493,0.0,147.32863371562834,49.23616132594993,34.28137012992227,41.45773896251808
494,0.0,143.70281152832902,52.550107649726286,29.396001166529537,34.11709853135146
495,0.0,140.53025093605666,45.06846265523493,29.9910555184612,20.184380402744342
496,0.0,137.7745259762293,44.04450473919457,28.88585696754601,12.130085145505054
497,0.0,130.9872660349454,40.73575304836297,23.39512462873249,12.721836811917887
498,0.0,126.59884396634493,37.40762572949362,17.636553090587427,16.738496583600423
499,0.0,119.66269810304195,33.824179022132576,22.770759480692558,19.029526671209176
500,0.0,111.60929934899069,26.41047319951407,21.050101351123907,11.303733023364996
501,0.0,110.65415272043836,24.254003284917946,14.778573732105372,7.516246767385565
502,0.0,107.6105930221282,27.47017966302928,12.29866010896812,10.359326594998628
503,0.0,104.01816181345195,23.61485252510392,17.16446172692226,0.0
504,0.0,100.14524847272835,21.198646172826873,16.97969666743851,0.0
505,0.0,89.70861533610933,32.512092232827634,16.482489996301393,0.0
506,0.0,89.85591671498756,34.987351365444304,17.645640698917997,0.0
507,0.0,95.2200197180599,31.941448006000137,17.210110353139868,0.0
508,0.0,94.7601275909355,29.48741999313082,14.660361280525036,2.002545317344335
509,0.0,90.93948495546915,30.990797814484324,19.301601871547632,1.0773610470481356
510,0.0,83.91851177432615,35.54586963277539,61.85794016813117,0.0
511,0.11160217042937604,76.67821840162777,37.232872770861796,89.36644946876005,0.0
512,8.448123929021484,78.42531918594061,36.68461506874097,90.87150469243643,0.0
513,0.11304588167224874,79.47595578654239,37.889556768331424,95.6954843463059,0.0
514,0.0,72.60051848892863,44.58039789957504,103.73196806212678,0.0
515,0.0,69.82058878921697,49.998579942788346,166.50018045951163,0.0
516,2.9091290496544047,70.97694881053633,53.23124628069501,200.5484960042384,0.0
517,0.0,66.56734102141479,58.0746771901495,191.31893083529386,0.0
518,0.0,60.74201051374236,63.7645440917979,182.23810792019697,0.0
519,0.0,64.80415106331121,60.92746154866544,160.03524508028303,0.0
520,0.0,63.1364478091893,61.37714472813196,138.1794450217684,0.0
521,0.0,60.75011687725344,62.05035604517295,117.41832481356495,0.0
522,0.0,64.23454754758511,57.33109188447385,99.11924358446336,0.0
523,0.0,61.46432749910686,54.767276281902845,79.78408187464258,0.0
524,0.5636061813848477,55.27770239471264,56.45867889920722,62.103535646454446,0.0
525,0.3710737837473563,55.73477990691161,57.93382422832656,48.50366286582547,0.0
526,0.0,52.88538685499838,63.70171825198729,36.79541218081403,0.0
527,0.0,54.321095375675725,72.63252699011677,28.309692386713945,0.0
528,0.0,58.09702611223971,71.56553657249825,21.251783434764388,0.0
529,0.0,56.14304875085729,71.92999263867625,15.529572729010471,0.0
530,0.0,56.22555428694093,70.32275709709211,10.835285620737233,0.0
531,5.3569886772070605,52.95003385836682,68.42353175277918,8.905622142568852,0.0
532,2.4170574286920634,53.66187936490532,70.61421543116343,6.652452075699972,0.0
533,0.0,55.9767619629185,77.41391205984992,4.7066117970598755,0.0
534,0.0,59.10767477344247,79.07473657851929,3.0640026649839407,0.0
535,0.0,58.631678331870596,71.92315965538191,1.9150204501128163,0.0
536,0.0,56.645688846303436,75.33132653877428,2.5125093559917486,0.0
537,3.780365465163898,55.8168241486184,78.00545766862855,2.2123047264110567,0.0
538,0.0,59.30281326206453,80.0750297618968,0.1253241164859836,0.0
539,5.6684287695659314,59.578367110635384,82.94325329152417,0.0,0.0
540,8.535226427664751,59.072128404326655,83.11767371313692,0.0,0.0
541,8.336216602507696,61.1227716650652,79.75081100912159,0.0,0.0
542,12.296036824085562,60.938843471048976,78.37423757826853,0.0,0.0
543,10.68425465075576,64.98832932330029,80.10692835176643,0.0,0.0
544,6.827496573854133,69.88587511724414,84.38593966299456,0.0,0.0
545,11.1602965770992,67.06524365624806,95.89252101598248,0.0,0.0
546,10.032248515271768,71.74536826266572,93.42065287947796,0.0,0.0
547,8.080843623857934,74.66941744093535,96.2978322142118,0.0,0.0
548,9.992324402894065,77.99508956183341,95.31946049903955,0.0,0.0
549,13.264332663927279,78.71934486650758,92.01757276141994,0.0,0.0
550,1.0265382292408474,84.14840143648547,88.57947711176716,0.0,0.0
551,0.0,84.61901396180801,87.21641139240946,0.0,0.0
552,0.0,88.4428481453822,88.6807485572337,0.0,0.0
553,0.0,90.36578778418135,87.72419264632745,0.0,0.0
554,0.0,95.1739055245065,95.72489459265013,0.0,0.0
555,0.0,99.29103027234102,96.93631558382955,0.0,0.0
556,0.0,98.14246531469234,94.89278876077343,0.0,0.0
557,0.0,99.41694688582204,92.56780772927726,0.0,0.0
558,0.0,98.65194204285817,100.78257544554987,0.0,0.0
559,0.0,103.92064356109819,97.93701424908008,0.0,0.0
560,0.0,97.97278932697245,99.07371200919542,0.0,0.0
561,0.0,96.82233004043728,95.7932935571414,0.0,0.0
562,0.0,96.63481120072741,86.49081934444456,8.330892758656589,2.264534879883205
563,0.0,100.14001580378596,80.13739742151797,27.702322634515706,24.64558694621109
564,0.0,102.09672925077216,69.99190110153042,35.774575049173016,33.86289286366497
565,4.235947606784727,100.91771676962458,63.96061341449087,41.283929798879974,34.14954983918372
566,9.069487785015838,99.01261307337157,58.96320928481633,52.137882447362,30.41866615887864
567,21.008932616920028,95.09767800812055,59.48156143568365,52.16945635835529,25.60816642884845
568,33.73384620709716,89.41773781768221,57.79538831477922,48.50431380410134,19.25159739055802
569,46.26142627772843,84.09844986421102,59.75907810956329,38.77246999673434,13.49137189187426
570,55.44841603859148,81.3375492706582,69.06513674128495,34.912054597362626,9.339036780762457
571,65.2337460984469,78.67340505176625,76.58949977815553,30.688302594614907,8.433839058160974
572,69.04607205854886,72.2922947121712,77.64146689955588,24.912699479057316,4.134413947582612
573,70.48138271180919,67.95032662623873,79.23480498963634,16.590440137056582,6.026222856700237
574,78.90707078752692,59.51395055559412,79.27597797893868,15.0790159380886,0.03651403133016588
575,83.68272402409039,57.68447599210039,79.17961591941409,15.61295491819458,0.0
576,75.42586942261227,51.75998747002141,80.37562343693764,9.477677261432287,0.0
577,78.69250262719744,49.644983272399216,78.23752586830112,4.592463485400859,0.0
578,84.50242083716272,41.66717634924849,75.91301030779994,2.1382112657369907,0.0
579,78.34841241161213,31.133740215888487,77.55984555130729,0.0,0.0
580,80.48349434703955,25.8861402267085,79.28435437451347,0.0,0.0
581,83.59075186675803,28.38088025439983,78.64564526144072,0.0,0.0
582,72.63243337566428,24.065546789928078,85.6577918368352,0.0,0.0
583,73.26279563239184,19.733869200438136,94.16715401562837,0.0,0.0
584,67.64399378561501,18.551355848873254,96.73893618076416,0.0,0.0
585,62.05055473341724,15.532175418410725,91.01396928281392,0.0,0.0
586,66.73496376803072,17.00194978177441,79.57136414306925,0.0,0.0
587,72.30979593219031,16.94680053311722,75.5207363838851,0.0,0.0
588,63.95068198502226,11.55399714281439,70.17557403720079,0.0,0.0
589,62.349237123423855,7.863310241571606,67.67277728837462,0.0,0.0
590,61.65135108121053,7.3990982437769235,61.43327793034791,0.0,0.0
591,64.83532442548038,8.442420521395945,55.292472990510724,0.0,0.0
592,74.12699989569455,9.31543195740851,46.16731839499461,0.0,0.0
593,89.52326360749336,15.437376112261882,47.743456188123524,0.0,0.0
594,99.45709981191277,17.385191512284507,49.41969057959413,0.0,0.0
595,99.82993126911082,18.622574418168046,47.59533785391089,0.6326329184608185,0.0
596,85.21613770899478,13.112499886517297,48.96457106246761,2.406461723952356,0.0
597,80.63284193637355,10.406879877728151,50.843386426313295,0.0,0.0
598,85.32869199456832,9.905367201606984,53.44789891786143,0.2110319523942274,0.0
599,78.47721734775051,7.376380146354194,62.94399880006714,0.7976112809182432,0.0
600,84.40736117703622,8.049650076926909,62.402368164229834,0.0,0.0
601,80.76009136533439,7.202949163281584,63.37835278020937,0.0,0.0
602,78.6842660061717,5.648206555580336,72.94175757889757,0.0,0.0
603,77.72153896900359,2.306405730118148,83.91801526194948,0.0,0.0
604,85.62732021543597,0.0,92.87759243425738,0.0,4.108528159907096
605,95.15385744795526,0.0,99.54619165605999,0.0,6.975166382655767
606,110.55873812008987,0.0,102.63712058466959,8.807549256970411,4.492874059897644
607,117.73979415962074,0.0,97.0081863840394,20.11425624763102,0.0
608,127.97680959916296,0.0,97.44765199662069,20.315890703693913,0.0
609,139.51499256722826,0.0,102.29967264056737,17.96913818947928,0.0
610,143.69268559807372,0.0,97.852915929096,12.422824884898295,0.0
611,152.83853150835782,0.0,95.14989404534347,7.079099348027091,0.0
612,156.11695559150238,0.0,91.19154805139964,2.179885391257668,0.0
613,156.87756582334458,0.0,89.52913086733004,0.0,0.0
614,155.7006355002174,0.0,81.63957796904221,0.0,0.0
615,154.23042841100695,2.2680843931695023,87.2739693100927,0.0,0.0
616,156.0737777121045,2.5788727753579543,93.8044410328763,0.0,0.0
617,159.5338428774105,2.4572774277859257,102.08184361350858,0.0,0.0
618,159.8353326255312,0.4140986257432939,105.21977071037485,0.0,0.0
619,162.9625954398841,0.0,97.00569286891104,10.176059452767324,0.0
620,164.79432310220238,0.7364577722798324,90.21014627452965,10.16630812810035,0.0
621,176.08516720404825,3.3207478556782544,90.58781765858645,6.1461826816741825,0.0
622,188.98086537826146,2.4646706931579327,85.98611028576357,1.4183569141100425,0.0
623,192.49644440950217,0.0,82.68342863194604,0.0,0.0
624,195.62713145245624,0.0,78.03686549695614,0.0,0.0
625,200.23832555576664,1.9020916493219184,72.1534126944042,0.0,0.0
626,193.68316899601382,0.0,58.088262881128436,0.0,0.0
627,177.97859415370652,0.0,59.86252496707082,0.0,0.0
628,157.37800411664318,0.0,56.50999798903217,0.0,0.0
629,138.34868446351723,0.0,52.90864290693565,0.0,0.0
630,128.82300956247477,0.0,56.32931705959806,0.0,0.0
631,116.6951130732324,0.6410444189284747,55.3181051241362,0.0,0.0
632,104.0801437657587,1.8269968186098997,57.84377734787507,0.0,0.0
633,96.18569982117418,0.0,52.271707043111114,0.0,0.0
634,92.11368904527671,6.666385832981248,58.37802440124149,0.0,0.0
635,76.06424074488918,4.918765976183179,56.039186551650765,0.0,0.0
636,75.65900502632905,8.503662440873635,54.06252924755516,0.0,0.0
637,74.75049052995124,10.375213235594234,49.741425407394026,0.0,0.0
638,71.6312663266952,14.155211932361727,47.953073367581865,0.0,0.0
639,64.82547272185565,19.29220175722942,45.408945986792574,0.0,0.0
640,59.51900412151985,21.99857458439633,39.353337746054976,0.0,0.0
641,53.017107891677895,26.570033275804075,35.424851743816866,2.5566638665036425,0.0
642,47.92066819197815,32.47929991272802,27.472669222581846,68.29111310459801,0.0
643,44.83198407423529,32.95455854610421,15.764719819862368,83.06028425876137,0.0
644,55.74657606134469,35.55142857996386,12.615866482004652,79.99716447839523,0.0
645,70.1146402216864,35.777013150854955,4.6215115591719655,72.88832588055706,0.6882440788986163
646,82.83227069985551,32.420932508439925,4.586814516930823,74.5038695682519,0.0
647,97.34262945671313,30.764797534601307,0.4744701874018024,69.67576744876493,0.0
648,106.61907564970093,29.175202403730694,0.0,58.48480223486365,0.0
649,109.34146099387871,23.606323077904953,1.5296815573201101,47.355751955578576,0.0
650,115.57977935319704,20.210747516014568,6.177957631990472,46.580035820795295,0.0
651,122.9937151209658,17.705739796280014,6.691096195785568,47.624264531337815,0.0
652,117.75289832389687,14.984466862695768,6.123648042629515,39.93133306982282,0.0
653,114.16144498979723,12.609654138570516,1.6519994474054822,33.88032240676263,0.0
654,115.95779860575986,11.865717097214027,3.2298087803216013,29.563158096658537,0.0
655,103.30534646212595,8.298013867145915,14.791893325511039,26.58685130242355,0.0
656,102.51441688958259,7.274641070510754,19.67859238621939,20.03672372778879,0.0
657,120.40678160511145,9.506022241367095,15.247758872817569,50.38261738213538,0.0
658,136.27151401724691,7.480037832221781,9.215028654640305,109.15166196167135,0.0
659,130.09884387393032,0.0,9.12847221432401,119.72623858216421,0.0
660,126.00227016709907,0.0,8.719889320662883,108.26891230605548,0.0
661,134.84095127979901,0.0,0.0,92.23083562224913,0.0
662,149.66745456770383,0.20440727992441574,0.0,81.38639837029008,0.0
663,148.45114358765215,0.0,1.1755364470474,75.77262311066714,0.0
664,133.21941598681536,0.0,9.194698813454004,61.56680331008994,0.0
665,127.62725764352184,0.0,9.08655762154796,48.551962557019856,0.0
666,128.8509735736368,0.0,8.182472821305947,42.13386834598784,0.0
667,118.74260113912912,0.0,10.017988786936515,32.80706176630182,0.0
668,107.89303043687245,0.0,14.636625509915836,26.374327798691468,0.0
669,98.63740111958911,0.0,13.541990139216836,20.10390294240638,0.5490273531914751
670,102.05360837454927,0.0,25.392904981765515,15.119447949718426,0.0
671,99.9769879272878,0.5946586735531083,39.862050139958406,10.368909635504684,0.0
672,78.88016465114038,0.0,42.471784870656016,9.788121287970268,0.0
673,74.40226502809419,1.7803784641915663,49.588127538996716,9.23720759792629,0.0
674,73.32207542251076,2.1029223860504467,40.00596449337966,13.286530426688442,0.0
675,65.06042003818841,0.0,38.016664043615364,12.71213687851542,0.0
676,72.40985360682949,0.0,39.0622490262733,7.288116681132878,0.0
677,83.84211917361326,2.037029891279808,41.79425525333204,2.3739713289641347,0.0
678,71.79789311939514,0.0,43.576585370371625,6.261222349964572,0.9653362884084832
679,64.03029692620504,0.0,40.69364741096609,8.755759556637635,3.817687319097636
680,66.40665766821508,1.450844455331214,42.793684425668346,6.333221095551548,5.80953064548358
681,72.35433644502008,1.6983069922930538,42.36594675104322,2.0863568793838976,4.365551388105073
682,59.25873381652757,0.0,47.15939168691926,0.0,0.0
683,50.0856266938415,0.0,54.51757403252207,0.0,0.0
684,50.37346711344959,0.0,68.51813673131156,0.0,0.0
685,52.77498511064421,0.0,87.25686233362292,0.0,0.0
686,45.958775767129495,0.0,95.76317397529756,0.0,0.33429002141109954
687,35.33809816697232,0.0,94.429117856464,0.0,4.23779367779085
688,40.652639206461465,0.0,106.30031084646595,0.0,0.047865850025601585
689,37.136392609489214,0.0,111.78414317710306,0.0,0.0
690,34.06136378554727,0.0,115.06655701805819,0.0,0.0
691,28.68427026798761,0.0,104.58373332880491,0.0,0.0
692,28.17913065443997,0.0,90.70961624585794,0.0,0.0
693,29.34871083383397,0.0,85.70426176089163,0.0,0.0
694,24.33650239086592,0.0,70.8978114125721,0.0,0.0
695,24.91081392961703,0.0,71.49372595934891,8.986263986602124,0.0
696,35.84205892058275,0.0,59.270439435592834,5.4762475569479205,0.0
697,45.94662600870193,0.0,47.72010878853855,24.392735467085718,0.0
698,48.27064308578352,0.0,34.144047227578376,27.991327640130052,0.0
699,49.29025408363656,0.0,34.94622144137365,28.067979926686746,0.0
700,49.71016739937067,0.0,28.177384267248645,26.613570136999225,0.0
701,48.999933006420676,0.0,27.90611774314262,24.64004529483582,0.0
702,45.75280634063033,0.0,22.040544785605103,22.967697655802244,0.0
703,40.22193083773965,0.0,18.134998673428935,21.933343169614574,0.0
704,35.80131040241122,0.0,17.041416357621817,21.470367151603764,0.0
705,32.52792828408125,0.0,17.62997748604836,17.204393367672697,0.0
706,29.619111612155038,0.0,19.145886488634275,14.124800785618973,0.0
707,27.407934299308465,0.0,21.7337757117865,8.970996344216445,0.0
708,24.15388654609597,0.0,21.238251817661176,6.8439368892187975,0.0
709,17.364119458072658,0.0,19.46317879612367,4.44370141379284,0.0
710,16.64081271228613,0.0,22.551860142198862,2.857191247884036,0.0
711,10.409294065714848,0.0,24.03235109390211,1.9730344062359684,0.0
712,0.0,0.0,20.473666902092134,0.444679526939366,0.0
713,0.0,0.0,20.38744624760566,0.0,0.0
714,0.0,0.0,18.23928451715912,0.0,0.0
715,0.0,0.12468979532091108,15.292655124747649,0.0,0.0
716,0.0,1.5263616279085386,12.779710452391427,0.0,0.0
717,0.0,2.590044580491376,11.272385451150324,0.0,0.0
718,0.0,4.819111111353253,12.392132584982527,0.0,0.0
719,0.0,4.376521783857375,10.824359944215011,0.07551905898370752,0.0
720,0.0,8.676092494148179,14.680521829724446,0.0,0.0
721,0.0,7.33208383267133,11.155351197547187,4.484491221974332,0.0
722,0.0,6.427997235198022,6.000424233005521,47.83083322555176,0.0
723,0.0,3.16020257984367,1.0165255578447436,60.853792827677395,0.0
724,0.0,1.6952203501442435,0.0,60.00417939147524,7.042324584072513
725,0.0,2.5801156329624715,0.0,55.9925457964896,5.191182821246601
726,0.0,4.5194514002664405,0.0,59.69099362416297,1.6357849568628375
727,0.0,5.685251313218401,0.0,62.65419914005596,6.816610286681183
728,0.0,9.915349264894315,0.0,59.248425960829174,4.31976358703804
729,0.0,10.327039737472493,0.0,54.741397279068345,7.25930554194488
730,0.0,4.8708779079819005,0.0,69.80699723399378,6.796797720807282
731,0.0,0.7504561135931515,0.0,66.79050213044357,3.3891237605121134
732,0.0,1.7034257087416205,0.0,58.38507462948449,7.40139093534479
733,0.0,3.0863860465442543,0.0,49.48307872665447,6.9748290954375
734,0.0,2.0361652870232545,8.145468626453876,49.25198213574869,0.0
735,0.0,2.483409968566534,12.377192125914242,40.8655989145034,0.0
736,0.0,0.0,0.0,26.204456809050594,18.20026795242737
737,0.0,4.7990637360384785,0.0,18.395309442722823,15.389933654646118
738,0.0,2.03979750347832,0.0,18.72905868817757,22.512692955330852
739,0.0,0.0,0.0,17.318380533569837,23.045434960713944
740,0.0,0.0,0.0,12.530591869070005,31.738075529712066
741,0.0,0.0,0.0,12.743349830081904,25.91359872731968
742,0.0,0.0,0.0,15.993343617609986,12.870040316051558
743,0.0,0.0,0.0,15.454709055454392,16.29506255806364
744,0.0,0.0,0.0,12.841555105623467,12.672633231583063
745,0.0,0.0,0.0,9.253821471379505,7.468865229143053
746,0.0,0.0,0.0,16.643632932500253,11.514454024226279
747,0.0,0.0,0.0,17.390294138844887,12.339217049514891
748,0.0,0.0,0.0,13.034664506337052,23.374672481777452
749,0.0,0.0,0.0,12.722108252046272,24.091588453554557
750,0.0,0.0,0.0,19.706796903807565,28.737001341615173
751,0.0,0.0,1.974633488820564,23.36059486694408,37.695145544522155
752,0.0,0.0,13.236930068767915,22.03076225554948,34.30468560730215
753,0.0,0.6760561727754187,14.956300582175656,19.814449880368137,32.018877214551146
754,0.0,0.0953902606155389,10.845216777821477,20.71855761504511,23.275691293642808
755,0.0,0.0,8.586955154931049,25.557200773342966,23.578915636435894
756,0.0,0.0,0.0,23.836261179772603,21.407316899042907
757,0.0,0.0,0.0,19.407969521430296,16.127279694361572
758,0.0,0.0,0.0,15.058169475765586,18.414845020240165
759,0.0,0.0,0.0,12.36258589818475,15.530455998444175
760,0.0,0.0,0.0,8.141247432088742,13.757749892700055
761,0.0,0.0,0.0,3.755603724879869,3.1605093787880305
762,0.0,0.0,0.0,2.0039386311651515,1.9009899448724683
763,0.0,0.0,0.0,0.0,0.0
764,0.0,0.0,0.0,0.0,0.0
765,0.0,0.0,0.0,0.0,0.0
766,0.0,0.0,0.0,0.0,0.0
767,0.0,0.0,0.0,0.0,0.0
768,0.0,0.0,0.0,0.0,0.0
769,0.0,0.0,0.0,0.0,0.0
770,0.0,0.0,1.4414091888608145,0.0,0.0
771,0.0,0.0,4.3756840663916625,0.0,0.0
772,0.0,0.0,3.0150913273841136,4.589818622772752,0.0
773,0.0,0.0,7.948785656241058,10.167879930992099,0.0
774,0.0,0.0,1.82658969344056,9.612831194850793,0.0
775,2.1400690073786657,0.0,0.0,11.32462740342794,0.0
776,2.7289473536537345,0.0,0.0,10.5408145139913,0.0
777,0.3982202546679261,0.0,0.0,7.824006455249336,0.0
778,7.297812732486979,1.391673998798268,0.0,0.0,7.855463114973872
779,7.889329882331723,2.370114057298057,0.0,0.0,5.242215500924751
780,3.906835211076857,2.252107618536288,0.0,0.0,4.450531167199585
781,0.0,2.110842724703663,0.0,0.0,2.3896013348464704
782,0.0,2.3260955780069814,0.0,0.0,4.159432908402486
783,0.0,0.9645515875449602,0.0,0.0,0.0
784,0.0,1.8449917391351511,0.0,0.0,0.0
785,0.0,2.0345750321382523,0.0,0.0,0.0
786,0.0,0.6492066306940255,0.0,0.0,0.0
787,0.0,1.2875048901750816,1.576707082377372,0.0,0.0
788,0.0,4.2234681656317035,2.3245151967714057,0.0,0.0
789,0.0,5.925162046530554,2.404600287133108,0.0,0.0
790,0.0,9.230713397011057,0.0,0.0,0.0
791,0.0,9.876679028697717,0.0,0.0,0.0
792,0.0,11.838345698440385,0.0,0.0,0.0
793,0.0,13.822286981510132,0.0,0.0,0.0
794,0.0,16.17697451794443,0.0,0.0,0.0
795,0.0,18.22893794517665,1.8765771330543728,0.0,0.0
796,0.0,20.53627761495399,0.0,0.0,0.0
797,0.0,21.10273565073901,0.0,0.0,0.0
798,0.0,25.24895250539053,3.4097772129240727,0.0,0.0
799,0.0,25.74360737765992,11.437409939600998,0.0,0.0
800,0.0,22.864877869360317,13.682679202509945,0.0,1.5603393534062209
801,0.0,27.711352031748763,9.74731926642987,0.0,12.990524608050725
802,0.0,30.115026380796103,4.2376593710493085,11.441864308064316,36.278194801243096
803,0.0,32.41915907750752,0.0,31.0005837790962,48.46359516020079
804,0.0,33.547291710725595,0.0,36.13853540534341,56.78693307829804
805,0.0,34.28864837362111,0.0,42.028299081797,53.69970099034811
806,0.0,32.90589937488815,0.0,55.48876896691433,42.63343913481037
807,0.0,26.537847829593826,0.0,54.38408417554514,42.184940589687
808,0.0,26.984310542564202,0.0,47.58610438589258,40.53042465026355
809,0.0,26.639231615892765,0.0,42.16796970052602,40.51246809731828
810,0.0,21.828941355621986,0.0,42.72735483029191,40.413999519569664
811,0.0,19.28911934268001,0.0,36.519707147050255,44.92246157317329
812,0.0,14.382630836276887,0.0,31.02014654896245,38.897534061272786
813,0.0,14.177327894724616,0.0,24.061178942024497,35.15816135231154
814,0.0,12.499252243611801,0.0,25.303208700988673,37.04085222986344
815,0.0,11.62230732787799,0.0,23.60497710475323,35.149156011815556
816,0.0,9.835161459769557,0.0,16.960909486633664,36.358547279305505
817,0.0,9.78639684234674,0.0,15.35364696855965,34.0532431465642
818,0.0,12.075768281486866,0.0,15.876203371980694,33.58442216960984
819,0.0,12.181424772765453,0.0,9.494288434216296,32.442537787012
820,0.0,13.271353814953306,0.0,4.471274055081674,24.174967226830102
821,0.0,18.97553029024792,0.0,2.0799739714170262,21.304923098348862
822,0.0,15.841381825940184,0.0,3.1448605518640926,17.763767579528952
823,0.0,13.681477919968374,0.0,3.9464110248436053,14.522455804556014
824,0.0,16.199905282828528,0.0,1.8072819389296635,18.991681606348703
825,0.0,14.31205579620724,0.0,0.9964828878276122,15.297664307298506
826,0.0,15.05144523825937,0.0,1.7823849175857254,17.019103498344087
827,0.0,13.273381096278063,0.0,4.228280114705722,11.84818441081156
828,0.0,14.326378206551318,0.0,1.690316328262738,7.248053738954293
829,0.0,13.726890651156705,0.0,0.0,3.9063283248848286
830,0.0,10.278298424106026,0.0,0.40847864006911777,5.8068616380974385
831,0.0,8.509449198650579,0.0,0.2761062546778557,13.376900485757284
832,0.0,7.007630723421268,0.0,0.0,13.220759164037723
833,0.0,2.3662179536121304,0.0,0.0,10.3736820606935
834,0.0,0.6041551461077318,0.0,0.0,12.3536960169025
835,0.0,3.4588866282236466,0.0,0.0,14.011064947955036
836,0.0,7.504145073199143,0.0,0.0,11.373783856717775
837,0.0,8.025522151539871,0.0,0.0,22.005128922347765
838,0.0,6.216553085622964,0.0,0.0,36.04654751987317
839,0.0,6.64404575485276,0.0,7.869157345069794,39.43201178143925
840,0.0,9.71418720574952,0.0,5.958237501457014,40.52247684119619
841,0.0,8.193607432983816,0.0,0.0,31.16871303100433
842,0.0,5.123680458324926,0.0,0.0,22.946453629577853
843,0.0,2.8423973401410363,0.0,0.0,16.882012240257552
844,0.0,0.0,0.0,0.0,13.556321965073248
845,0.0,0.0,0.0,0.0,16.28241619466571
846,8.989749048250262,0.0,0.0,0.0,20.6408176415884
847,18.998785991596392,0.0,0.0,0.0,20.901202251969842
848,27.880784694638933,0.0,0.0,0.0,20.188168555207398
849,39.5851496857089,0.0,0.0,5.496082186373938,23.436203732402443
850,49.29426553676785,0.0,0.0,10.595691124324171,22.424666073093363
851,66.15327438360373,0.0,0.0,16.281234335893007,19.583260364874718
852,77.78409546132744,0.0,0.0,21.710544128113884,22.73657541155777
853,87.39615488987087,0.0,0.0,19.52279392428705,22.250900938694414
854,92.90197267317166,0.0,0.0,19.736590397730392,20.18519820315881
855,94.7781129225398,0.0,0.0,15.329618346026948,18.952812645941773
856,98.67081901282893,0.0,0.0,11.30081458407176,16.038791711533328
857,107.21602006267041,0.0,0.0,6.222834939445676,18.029843144932727
858,105.65689923157134,0.0,0.0,3.476251313172224,19.175397942496435
859,82.75286837596872,0.0,0.0,0.9150537638915082,19.028810494605526
860,62.26409733368407,0.0,0.0,0.0,17.33112347805316
861,47.08743902594618,1.5120794130010973,0.0,0.0,18.313012159661145
862,32.77324325723765,3.3819736160518734,0.0,0.0,17.156000445899867
863,26.69484953975301,5.7764429997889435,0.39844518112146815,0.0,21.559416334357653
864,23.814097341778197,8.852032955940341,5.712230773987884,0.0,24.14117770424369
865,15.631708504228886,10.759253129487435,6.741351506715177,0.0,22.883869111295105
866,6.108660009888411,12.309858543678045,13.922460023663941,0.0,23.840667407382284
867,0.0,14.285375359976985,23.58359158731226,0.0,23.612527333876677
868,0.0,17.302728810368773,31.383100464363714,0.0,28.23200520716861
869,0.0,19.03919689652693,29.94878882883585,0.0,30.573427859061017
870,0.0,21.0535076711864,33.67134336183468,0.0,31.391152355541177
871,0.0,24.3288416363517,32.31635773764748,0.0,34.273470715443175
872,0.0,26.46544497041987,34.80334619369545,0.0,35.3510627125224
873,0.0,30.96278935015646,35.973398911468585,0.0,38.178930339131654
874,0.0,34.959571220845696,39.097859964771935,0.0,39.280557550759895
875,0.0,37.9547572152715,38.819053561755965,0.0,40.45307909351185
876,0.0,43.12067861900177,39.27257098914533,0.0,44.651592363691556
877,0.0,46.88227036842221,35.69840529061596,0.0,46.86123824002322
878,0.0,48.14968880997793,31.753738993672403,0.0,44.952608114736435
879,0.0,49.940183720405976,26.786547027878093,0.0,44.48227180782587
880,0.0,52.64538239354321,24.00030073066593,0.0,43.149568696357896
881,0.0,56.86895220630678,18.533490428419768,0.0,52.483176651949066
882,0.0,62.441456834217824,9.562805565834331,7.632514767954864,76.07267757617129
883,0.0,66.07140673996463,3.587277557475024,11.63125566201128,92.93823747676146
884,0.0,70.87162032716803,0.04431583153510833,13.000120482629919,102.96240377249758
885,0.0,74.64453584447284,6.037735749120796,20.47998004247647,104.98150890339808
886,0.0,74.38219004611669,7.177969783142839,26.045071510725087,106.66725230429628
887,0.0,73.62896800472706,6.433675102939747,29.569175264666036,108.95334680165695
888,0.0,72.26774395925365,2.3149598920671934,27.27363138544477,111.00632004917186
889,0.0,69.85650237497379,0.0,28.22310676054327,109.51963925312715
890,0.0,62.727639159977436,0.0,31.277285465216774,108.12029990824705
891,0.0,55.228468088001655,0.0,28.27421478976592,108.51023461961096
892,0.0,53.82014805325385,0.0,19.649905925015982,106.11013525432296
893,0.0,48.87668974107285,3.9200974507810886,15.739368897477668,108.1306639755208
894,0.0,44.93065264360406,4.368641033840022,13.66442654772712,111.0140793384939
895,0.0,40.658841870836994,11.086844254483145,12.11977493157003,115.748996294454
896,0.0,41.794956529871,15.142009948283784,7.690631362663722,115.41049905589846
897,0.0,46.42873261849381,20.141121477061784,7.287957145089586,115.96890834883631
898,0.0,40.27305626983113,16.893420108326733,4.494417579222669,115.3768985365472
899,0.0,36.06825955360739,16.26489646683671,2.7938541758114184,114.20164031569661
900,0.0,35.53757424995401,20.789530640127023,0.0,116.4088516256782
901,0.0,34.625061710044164,17.202210149133133,1.2322150712365056,114.17220910130098
902,0.0,29.97164162316945,6.407314365994613,4.751103051756597,113.59861469504398
903,0.0,34.786293730159464,3.811289192411128,3.8361692766584032,114.4142982868264
904,0.0,31.12421006956565,6.2481294578980675,0.0,124.5068140803257
905,0.0,25.67023055671546,7.086984337580321,0.0,149.38406614491097
906,0.0,26.476344822448894,9.683533495151915,0.0,152.05482909997704
907,0.0,27.737056279100763,18.699309188790732,0.0,164.64359890644553
908,0.0,29.18053394712553,22.20864538622798,0.0,163.35426712814566
909,0.0,31.65266573380629,24.68269893034173,0.0,157.20465034910373
910,0.0,30.596233702063323,30.357961281986555,0.0,155.685143991626
911,0.0,27.85383855039525,33.98540080668113,0.0,153.19124458730826
912,0.0,29.47677553044177,32.035243604830235,0.0,148.6322165115153
913,0.0,26.93977510105681,22.427241507074772,44.30614650495207,144.54156566948097
914,0.0,10.514024713698902,8.280580312084423,142.5657717455783,146.15021330290958
915,0.0,1.2574905834780052,0.0,203.23910143446417,140.33292592572099
916,0.0,0.0,0.0,235.42692367659245,137.2057927269709
917,0.0,0.0,0.0,365.9099718523015,127.82407305247074
918,0.0,0.0,0.0,550.3393401697306,112.37511102010023
919,0.0,0.0,1.3135835702461771,553.8953200959526,107.2592635982282
